Date,Close/Last,Open,High,Low,LastClose,DailyRise,DailyRiseRate,DailyReturn,TotalReturn,DailyRippleRange,DailyRippleRadio,DailyK,MA5,MA15,MA30,EWMA,MACD,K,D,J,rs,rsi,MAD
2020-04-20,1711.2,1693.0,1718.4,1685.0,1689.2,22.0,0.01302391664693346,,0.09924841009828483,33.40000000000009,1.0198219584569734,0.019772673454889943,1728.2400000000002,1683.773333333334,1631.4899999999996,1715.4895349600793,8.353798776741314,55.37735442678302,67.12131540788664,31.889432464575776,1.3295490798333933,57.073237535243564,22.43199999999997
2020-04-17,1689.2,1715.7,1725.0,1684.9,1731.7,-42.5,-0.024542357221227693,0.9871435250116877,0.08511595040791417,40.09999999999991,1.0237996320256395,0.023156435872264194,1734.9599999999998,1677.953333333334,1630.1966666666665,1717.6343024401187,13.478337072433533,63.83526240940529,72.99329589843845,45.51919543133897,1.1930541127686751,54.40148995058196,19.60800000000004
2020-04-16,1731.7,1743.5,1768.0,1722.6,1740.2,-8.5,-0.0048844960349385125,1.0119798971482,0.11241729299158476,45.40000000000009,1.0263555091141299,0.026088955292495167,1744.36,1676.0266666666673,1629.4366666666667,1731.851453660178,24.14200520611871,76.32379600821474,77.57231264295503,73.82676273873417,1.5798879910714332,61.23862727913634,9.991999999999962
2020-04-15,1740.2,1758.1,1759.8,1731.6,1768.9,-28.700000000000045,-0.016224772457459465,1.0169471715755023,0.11787756150831888,28.200000000000045,1.0162855162855162,0.01594211091638874,1734.8799999999997,1669.5333333333338,1626.48,1731.9271804902671,29.665699472228262,81.37918513658245,78.19657096032516,87.74441348909701,1.681117651545552,62.702121653499916,20.231999999999836
2020-04-14,1768.9,1761.5,1788.8,1747.1,1744.8,24.100000000000136,0.013812471343420528,1.0337190275829826,0.1363139975589388,41.700000000000045,1.0238681243203023,0.0238995873452545,1723.5799999999995,1664.2000000000005,1623.21,1727.7907707354004,33.53824283901818,84.62043059743563,76.60526387219652,100.65076404791384,2.103739239487531,67.78079848727519,31.664000000000033
2020-04-13,1744.8,1722.0,1756.8,1710.7,1736.2,8.599999999999909,0.004953346388664848,1.0196353436185133,0.12083253035266904,46.09999999999991,1.02694803296896,0.026552240525285053,1705.1999999999996,1651.1200000000003,1617.3233333333335,1707.2361561031005,30.446985278387345,81.60639777585267,72.59768050957695,99.62383230840413,1.9077175934527988,65.60876468018547,28.24000000000001
2020-04-09,1736.2,1662.7,1732.5,1662.7,1684.3,51.90000000000009,0.03081398800688719,1.0146096306685368,0.11530802338279694,69.79999999999995,1.0419799121910145,0.04144154841774028,1682.98,1633.7333333333338,1611.3,1688.454234154651,27.37779866258459,75.72818073457547,68.09332187643908,90.99789845084828,1.8427643627868746,64.82297255831432,22.103999999999996
2020-04-08,1684.3,1678.7,1695.8,1670.7,1683.7,0.599999999999909,0.0003563580210250692,0.9842800374006546,0.08196826620414974,25.09999999999991,1.0150236427844614,0.014907643879550934,1663.28,1616.606666666667,1608.1766666666667,1664.5813512319764,21.554873517637567,65.51303940918609,64.27589244737088,67.98733333281652,1.4787781108740885,59.65754273796733,22.063999999999986
2020-04-07,1683.7,1707.1,1742.6,1672.0,1677.0,6.7000000000000455,0.003995229576624953,0.9839294062646098,0.08158283548532151,70.59999999999991,1.0422248803827752,0.042098986285032745,1644.7,1602.8466666666673,1606.8033333333333,1654.7220268479648,20.742502181178544,65.76655791329894,63.65731896646327,69.98503580697029,1.4748707440079731,59.59384939915964,28.519999999999982
2020-04-06,1677.0,1629.1,1696.7,1625.9,1633.7,43.299999999999955,0.02650425414702819,0.9800140252454419,0.07727885912507224,70.79999999999995,1.0435451134756135,0.04333721001407844,1624.6399999999999,1592.2600000000007,1605.68,1640.2330402719472,17.62402138192016,66.32690769827973,62.60269949304544,73.77532410874828,1.4343550709081294,58.9213581884358,29.79200000000001
2020-04-03,1633.7,1624.5,1636.0,1619.8,1637.7,-4.0,-0.002442449777126458,0.9547101449275364,0.049463608916297294,16.200000000000045,1.010001234720336,0.009891921597362182,1617.8799999999999,1579.5600000000006,1605.6666666666667,1621.8495604079208,12.40467525088441,58.09691892446875,60.740595390428304,52.80956599254965,1.1912178386277261,54.363277700118545,24.384000000000015
2020-04-02,1637.7,1602.4,1645.6,1595.2,1591.4,46.299999999999955,0.029093879602865372,0.9570476858345022,0.05203314704181923,50.399999999999864,1.031594784353059,0.03167022747266549,1615.9199999999998,1571.7600000000007,1606.03,1615.924340611881,11.787199367405467,63.49783740309655,62.06243362340809,66.36864496247345,1.2165915309366695,54.88568885863116,22.81600000000003
2020-04-01,1591.4,1589.4,1612.4,1576.0,1583.4,8.0,0.005052418845522293,0.9299906498363723,0.022290743238902837,36.40000000000009,1.0230964467005077,0.022988505747126492,1620.44,1568.6000000000006,1605.4566666666667,1605.0365109178213,8.976549635514656,59.70025562525842,61.34473173356387,56.41130340864753,0.987647778322557,49.6892753884225,26.432000000000016
2020-03-31,1583.4,1618.7,1621.0,1576.0,1643.2,-59.799999999999955,-0.03639240506329111,0.9253155680224405,0.01715166698785896,45.0,1.0285532994923858,0.027385589094449853,1629.02,1571.9933333333336,1606.1366666666668,1611.854766376732,13.187634875296201,64.39886828637246,62.16696978771659,68.8626652836842,0.9509150565208481,48.74200203347943,20.295999999999957
2020-03-30,1643.2,1663.4,1673.6,1632.0,1623.9,19.299999999999955,0.011884968286224493,0.9602618045815804,0.055566261964411896,41.59999999999991,1.0254901960784313,0.02561734096927145,1644.3799999999999,1577.0400000000002,1606.69,1626.0821495650978,20.482748507594437,70.68405274481717,61.05102053838865,89.9501171576742,1.2763351374969925,56.06973755632583,12.69600000000005
2020-03-27,1623.9,1623.9,1623.9,1623.9,1660.3,-36.399999999999864,-0.02192374872011074,0.9489831697054701,0.04316824050876858,0.0,1.0,0.0,1630.28,1579.2066666666667,1604.6733333333334,1617.5232243476464,18.329562061888726,67.54352342155529,56.23450443517438,90.16156139431713,1.1737760692741033,53.99710144320736,25.583999999999968
2020-03-26,1660.3,1642.2,1677.2,1612.0,1634.3,26.0,0.015908951844826533,0.9702547919588594,0.06655103745101812,65.20000000000005,1.0404466501240694,0.03989475616471887,1602.2999999999997,1582.44,1603.1700000000003,1614.3348365214695,17.464246079945596,66.88905562413619,50.57999494198393,99.50717698844073,1.4307558744329574,58.860533444837266,59.15999999999999
2020-03-25,1634.3,1665.5,1698.0,1609.0,1660.2,-25.90000000000009,-0.015600530056619738,0.9550607760635813,0.049849039635125526,89.0,1.055313859540087,0.05360799903626069,1566.1,1582.846666666667,1600.2133333333334,1591.352254782204,7.450148263901166,57.9620739258846,42.425464600907794,89.03529257583823,1.2855443697876259,56.246747461178344,67.56000000000003
2020-03-24,1660.2,1622.8,1685.5,1622.8,1572.7,87.5,0.05563680295034018,0.9701963534361854,0.06648679899788013,62.700000000000045,1.0386369238353463,0.039867743371272364,1534.8200000000002,1583.426666666667,1597.9233333333332,1569.8783821733061,-3.5524569480079293,49.832629302424664,34.65715993841939,80.18356803043521,1.4850121556046936,59.7587481516096,65.304
2020-03-23,1572.7,1508.4,1574.8,1489.4,1484.0,88.70000000000005,0.05977088948787065,0.9190626460963068,0.010278152502087749,85.39999999999986,1.0573385255807708,0.057547169811320666,1507.7599999999998,1582.2200000000003,1595.2333333333333,1524.7175732599592,-25.75359871190899,30.14110081638209,27.06942525641675,36.28445193631276,0.9982584104253939,49.956422313412524,32.832000000000015
2020-03-20,1484.0,1483.5,1483.5,1483.5,1479.3,4.7000000000000455,0.0031771783951869436,0.8672276764843386,-0.04670135543136124,0.0,1.0,0.0,1490.52,1583.5266666666669,1595.0966666666668,1500.726359889939,-40.88522814331753,17.64261546178454,25.533587476434082,1.8606714324854536,0.5400741299631483,35.0680606508254,13.751999999999999
2020-03-19,1479.3,1487.2,1502.8,1460.1,1477.9,1.3999999999998636,0.0009472900737532063,0.8644810659186537,-0.049720562728849546,42.700000000000045,1.0292445722895693,0.028892347249475637,1497.06,1588.8666666666666,1597.9633333333334,1509.0895398349087,-43.32150334166748,19.065621896297746,29.479073483758857,-1.7612812786244731,0.5175301941149896,34.10345284212343,18.992000000000008
2020-03-18,1477.9,1527.6,1547.0,1473.3,1524.9,-47.0,-0.030821693225785294,0.8636629266012158,-0.050619901072782136,73.70000000000005,1.050023756193579,0.0483310381008591,1519.26,1599.7466666666667,1600.7466666666667,1523.9843097523633,-42.55328482665918,22.994644367729986,34.685799277489416,-0.3876654517888767,0.5112946373910315,33.83156564848839,30.671999999999933
2020-03-17,1524.9,1469.3,1537.7,1469.3,1486.5,38.40000000000009,0.025832492431887046,0.8911290322580647,-0.02042782809789937,68.40000000000009,1.0465527802354864,0.04601412714429875,1552.14,1610.7599999999998,1603.3333333333333,1547.0264646285448,-37.566225993291255,29.16442116880097,40.53137673236913,6.430510041664647,0.6346629128332811,38.82530813238131,51.327999999999975
2020-03-16,1486.5,1563.8,1574.8,1450.9,1516.7,-30.200000000000045,-0.019911650293400175,0.8686886395511922,-0.04509539410291003,123.89999999999986,1.0853952719001998,0.08169051229643295,1578.98,1619.0999999999997,1605.25,1558.089696942817,-36.276037881064376,29.145211074432698,46.21485451415321,-4.994075805008322,0.45160818961728294,31.110887417654325,61.903999999999954
2020-03-13,1516.7,1582.7,1597.9,1504.0,1590.3,-73.59999999999991,-0.04628057599195115,0.8863370733987845,-0.025695381255219373,93.90000000000009,1.0624335106382978,0.059045463120166064,1616.8200000000002,1631.773333333333,1608.4633333333334,1593.8845454142258,-23.738004610564225,36.69334936618734,54.749676234013464,0.5806956305351036,0.5212959162453972,34.26656909274895,50.65599999999995
2020-03-12,1590.3,1633.1,1651.0,1560.4,1642.3,-52.0,-0.03166291177007855,0.9293478260869565,0.021584120254384217,90.59999999999991,1.0580620353755448,0.05516653473786757,1647.9599999999998,1640.2999999999995,1610.88,1632.4768181213387,-8.404548576102641,51.86977941623058,63.77783966792652,28.053658912838685,0.8010142359528994,44.475730394717864,25.327999999999975
2020-03-11,1642.3,1649.3,1671.8,1632.4,1659.1,-16.799999999999955,-0.010125971912482644,0.9597358578775129,0.0549881158861694,39.399999999999864,1.0241362411173731,0.02374781508046523,1663.1799999999998,1642.3133333333328,1610.4033333333332,1653.5652271820081,1.1823047103054236,67.41550998605543,69.7318697937745,62.78279037061728,1.2361868445978743,55.281017665595535,9.984000000000105
2020-03-10,1659.1,1671.6,1674.6,1643.0,1675.7,-16.600000000000136,-0.00990630781166088,0.9695535296867694,0.0657801760133615,31.59999999999991,1.0192331101643335,0.01885779077400484,1663.3200000000002,1640.2799999999995,1608.1866666666667,1659.197840773012,5.166888433542169,73.34548720130535,70.89004969763403,78.256362208648,1.4768959184203336,59.626886516985316,9.816000000000031
2020-03-09,1675.7,1692.6,1704.3,1658.0,1672.4,3.2999999999999545,0.0019732121502032732,0.9792543244506778,0.07644375923427764,46.299999999999955,1.027925211097708,0.0276847644104281,1659.92,1636.3399999999997,1605.6733333333332,1659.2467611595182,7.052348913994749,76.21894764783617,69.66233094579836,89.33218105191182,1.7981497572255092,64.26209864508664,13.896000000000049
2020-03-06,1672.4,1673.1,1692.8,1642.4,1666.4,6.0,0.0036005760921747477,0.977325853202431,0.07432389028072207,50.399999999999864,1.0306867998051632,0.0302448391742678,1643.2399999999998,1630.1399999999996,1602.1866666666667,1651.0201417392773,5.490576574852952,74.57931752910191,66.38402259477944,90.96990739774688,1.7579966088018133,63.741797331852375,20.92800000000002
2020-03-05,1666.4,1637.2,1672.9,1637.2,1643.0,23.40000000000009,0.014242239805234383,0.9738195418419823,0.07046958309243916,35.700000000000045,1.0218055216222819,0.021728545343883167,1621.58,1623.8999999999994,1598.8266666666666,1640.3302126089159,2.637530465228501,69.8377262936528,62.286375127618214,84.940428625722,1.690205578995573,62.828119612577545,34.70400000000004
2020-03-04,1643.0,1640.1,1654.3,1632.6,1642.1,0.900000000000091,0.0005480786797394135,0.9601449275362318,0.05543778505813577,21.700000000000045,1.0132916819796645,0.013214785944826774,1616.8,1617.5799999999992,1595.1699999999996,1627.2953189133739,-1.4672819342252055,58.406224476975574,58.51069954460092,58.19727434172488,1.4447052067686872,59.09527262300228,30.880000000000017
2020-03-03,1642.1,1594.5,1645.3,1594.0,1592.3,49.799999999999955,0.031275513408277306,0.9596189808321645,0.05485963897989327,51.299999999999955,1.0321831869510665,0.0322175469446712,1616.8200000000002,1612.4199999999992,1592.283333333333,1619.442978370061,-3.673055220986811,51.93415423371156,58.56293707841359,38.676588544307506,1.4359373363320118,58.94804085946723,30.895999999999958
2020-03-02,1592.3,1583.9,1608.3,1574.3,1564.1,28.200000000000045,0.01802953775334061,0.9305165965404394,0.022868889317145185,34.0,1.021596900209617,0.02173774055367304,1618.4,1608.246666666666,1589.5066666666667,1608.1144675550916,-7.251668819186236,42.636632810421425,61.877328500764605,4.155241429735071,0.9854358029428815,49.63322417588292,32.15999999999999
2020-02-28,1564.1,1640.3,1642.5,1564.8,1642.5,-78.40000000000009,-0.04773211567732121,0.9140369331463299,0.004753645532215496,77.70000000000005,1.0496549079754602,0.04730593607305939,1635.2600000000002,1606.6666666666658,1588.1133333333332,1616.0217013326373,-2.7768228868607423,51.409328777675945,71.4976763459362,11.232633641155445,0.7485541877098699,42.80989362361552,28.464000000000123
2020-02-27,1642.5,1658.0,1662.5,1636.7,1643.1,-0.599999999999909,-0.0003651634106261999,0.959852734922861,0.055116592792445525,25.799999999999955,1.015763426406794,0.01570202665692895,1651.3600000000001,1607.0599999999993,1587.7766666666664,1641.982551998956,9.747776659120177,77.43333623220737,81.54185013006634,69.21630843648944,1.9269002845446228,65.83416232932638,10.095999999999957
2020-02-26,1643.1,1640.8,1643.8,1640.3,1650.0,-6.900000000000091,-0.004181818181818237,0.9602033660589059,0.05550202351127376,3.5,1.0021337560202401,0.0021212121212121214,1646.9600000000003,1601.746666666666,1584.513333333333,1641.723827998434,12.35014633436245,82.16406057321068,83.59610707899581,79.29996756164039,1.9486997100310268,66.08674675830324,13.07199999999998
2020-02-25,1650.0,1647.0,1655.8,1627.0,1676.6,-26.59999999999991,-0.01586544196588328,0.964235624123422,0.05993447677779916,28.799999999999955,1.017701290719115,0.017177621376595464,1640.7,1595.906666666666,1581.4299999999998,1641.035741997651,14.782752076301975,88.02418339994829,84.31213033188838,95.44828953606807,2.216468900976073,68.91000563703449,19.639999999999965
2020-02-24,1676.6,1674.2,1674.4,1652.8,1644.6,32.0,0.01945761887389031,0.9797802711547449,0.07702190531251998,21.600000000000136,1.0130687318489837,0.013133892739876042,1630.6999999999998,1591.3999999999994,1578.3466666666666,1636.5536129964767,15.503053412908947,93.12718419083156,82.45610379785842,114.46934497677785,4.362139967882374,81.35072926127063,23.91999999999998
2020-02-21,1644.6,1619.3,1645.0,1619.3,1620.5,24.09999999999991,0.014871953100894729,0.9610799438990179,0.05646560030834449,25.700000000000045,1.0158710553943062,0.01585930268435671,1611.9199999999998,1585.153333333333,1574.27,1616.5304194947148,9.473326616767956,88.71299850846965,77.12056360137184,111.89786832266529,3.2807429659142704,76.63956915977965,16.503999999999998
2020-02-20,1620.5,1615.0,1626.5,1606.6,1611.8,8.700000000000045,0.005397692021342626,0.9469962599345485,0.04098413310207487,19.90000000000009,1.012386406074941,0.012346444968358414,1598.7599999999998,1581.4599999999998,1571.4566666666665,1602.495629242072,5.168006826013702,83.31017164958782,71.32434614782294,107.28182265311759,2.524489214314704,71.62709433359868,14.407999999999992
2020-02-19,1611.8,1604.8,1615.9,1602.4,1600.0,11.799999999999955,0.007374999999999972,0.9419121084618978,0.03539538767906463,13.5,1.0084248627059411,0.0084375,1588.98,1578.493333333333,1569.9166666666667,1593.493443863108,2.3997025095034203,79.51071201983626,65.3314333969405,107.86926926562779,2.270985066994278,69.42816981677926,13.536000000000012
2020-02-18,1600.0,1587.0,1604.3,1579.8,1582.7,17.299999999999955,0.010930688064699535,0.9350163627863485,0.02781525020877494,24.5,1.0155082921888847,0.015479876160990712,1579.7400000000002,1576.0933333333332,1568.4833333333333,1584.3401657946622,-0.8020398236227919,72.68843864745067,58.241794085492614,101.58172777136679,1.951711370779557,66.12134879109482,9.288000000000057
2020-02-14,1582.7,1575.8,1582.4,1574.8,1578.8,3.900000000000091,0.0024702305548518436,0.9249064983637211,0.016701997815892593,7.600000000000136,1.0048260096520194,0.00481378261971126,1575.64,1575.0066666666667,1566.79,1576.5102486919934,-3.7875318062723053,63.074011354634614,51.01847180451359,87.18509045487666,1.5170584998431722,60.2710862674703,5.632000000000062
2020-02-13,1578.8,1569.8,1581.7,1568.5,1571.6,7.2000000000000455,0.004581318401628943,0.9226273959794293,0.014196698143508645,13.200000000000045,1.0084156837743068,0.008399083736319703,1572.8200000000002,1574.2333333333331,1564.97,1573.4153730379903,-5.06122699965298,47.30562781039496,44.99070202945308,51.93547937227872,1.426072122648807,58.781109981669005,5.064000000000033
2020-02-12,1571.6,1571.2,1573.6,1564.4,1565.6,6.0,0.003832396525293817,0.9184198223468908,0.009571529517569129,9.199999999999818,1.0058808488877524,0.005876341338783737,1571.06,1573.753333333333,1562.993333333333,1570.7230595569856,-6.239801106003469,41.73903243289203,43.83323913898215,37.55061902071179,1.2700954760298977,55.9489893460838,3.592000000000053
2020-02-11,1565.6,1570.9,1571.1,1561.9,1579.5,-13.900000000000091,-0.008800253244697747,0.9149135109864419,0.005717222329286223,9.199999999999818,1.0058902618605543,0.005824628046850154,1569.3,1572.7599999999998,1561.2266666666665,1570.2845893354786,-6.514446650969099,40.98407607549843,44.88034249202722,33.19154324244086,1.149399261384314,53.47537249287259,4.360000000000037
2020-02-10,1579.5,1575.8,1580.5,1571.5,1568.6,10.900000000000091,0.00694887160525315,0.9230364656381483,0.014646367315475015,9.0,1.005727012408527,0.00573760040800714,1567.28,1572.1466666666668,1559.6433333333332,1572.6268840032178,-5.590998731440486,46.18075546345864,46.82847570029162,44.885314989792676,1.552488129161605,60.82254061927952,6.503999999999996
2020-02-07,1568.6,1564.9,1571.9,1560.5,1570.0,-1.400000000000091,-0.0008917197452229878,0.9166666666666663,0.007644375923427676,11.400000000000091,1.0073053508490868,0.0072611464968153445,1567.86,1570.7666666666667,1557.4733333333331,1569.1903260048268,-6.909333507379053,39.31332728801492,47.1523358187081,23.635310226628548,1.2971257564948795,56.46733762082437,6.968000000000029
2020-02-06,1570.0,1560.0,1571.9,1556.0,1562.8,7.2000000000000455,0.004607115433836732,0.9174848059841044,0.008543714267360412,15.900000000000091,1.0102185089974294,0.010174046583056111,1570.7199999999998,1569.5600000000002,1555.1566666666665,1569.4854890072402,-6.664219034303187,40.51007532020807,51.071840084054685,19.386545792514823,1.3378720723419577,57.22605989307822,9.54400000000005
2020-02-05,1562.8,1556.1,1566.2,1551.1,1555.5,7.2999999999999545,0.004693024750883931,0.9132772323515658,0.003918545641420896,15.100000000000136,1.009735026755206,0.009707489553198416,1574.56,1568.4933333333333,1552.4466666666665,1569.2282335108603,-6.475044955347698,40.82840411955255,56.352722465978,9.779767426701667,1.1878600583701944,54.29323753252613,12.328000000000065
2020-02-04,1555.5,1581.5,1584.5,1552.8,1582.4,-26.90000000000009,-0.016999494438827156,0.909011220196353,-0.0007708614376566105,31.700000000000045,1.0204147346728492,0.02003286147623865,1577.1999999999998,1567.28,1549.5099999999995,1572.4423502662903,-4.663903861011846,48.90083402743007,64.11488163919073,18.472738803908754,1.0466285095019385,51.139154206184834,9.160000000000036
2020-02-03,1582.4,1597.8,1598.5,1573.2,1582.9,-0.5,-0.0003158759239370775,0.9247311827956985,0.016509282456478477,25.299999999999955,1.0160818713450293,0.01598332175121609,1581.26,1566.9533333333334,1546.933333333333,1580.9135253994355,-0.4196473562291203,70.3972029011013,71.72190544507106,67.74779781316175,2.02542596478184,66.9468031397652,4.2880000000001015
2020-01-31,1582.9,1573.4,1589.0,1570.0,1589.2,-6.2999999999999545,-0.00396425874653911,0.9250233754090693,0.01683047472216872,19.0,1.0121019108280256,0.011955700981625975,1581.52,1565.2933333333333,1543.476666666666,1580.1702880991531,0.3702367225999126,74.18702837012762,72.38425671705593,77.792571676271,2.058654934010811,67.30589028267073,4.496000000000049
2020-01-30,1589.2,1582.4,1590.7,1576.8,1576.0,13.200000000000045,0.008375634517766526,0.9287050023375406,0.020877497269865743,13.900000000000091,1.0088153221714866,0.008819796954314778,1579.1600000000003,1563.3866666666663,1540.066666666666,1578.8054321487298,0.957237590313845,74.7816867199511,71.48287089052009,81.37931837881311,2.5476801611355033,71.81256611137317,5.832000000000062
2020-01-29,1576.0,1572.0,1583.0,1567.9,1575.8,0.20000000000004547,0.00012691965985534045,0.9209911173445532,0.012398021455643319,15.099999999999909,1.0096307162446585,0.009582434319075968,1575.6400000000003,1561.4533333333331,1536.4433333333327,1573.6081482230948,-0.008291695104666985,68.46543625841635,69.8334629758046,65.72938282363987,2.0855158514553778,67.59050842249539,3.4320000000000617
2020-01-28,1575.8,1587.1,1588.5,1570.4,1583.7,-7.900000000000091,-0.004988318494664451,0.920874240299205,0.012269544549367193,18.09999999999991,1.0115257259296995,0.011428932247268996,1571.7800000000002,1561.3399999999997,1533.096666666666,1572.4122223346421,0.6043310429964208,72.71956766385581,70.51747633449872,77.12375032257,2.079013539739097,67.5220655221693,6.376000000000022
2020-01-27,1583.7,1586.1,1594.7,1581.6,1571.1,12.600000000000136,0.008019858697727793,0.9254908835904626,0.017344382347273077,13.100000000000136,1.008282751643905,0.008338107058748734,1567.9,1560.873333333333,1529.646666666666,1570.7183335019633,1.0362831834538255,78.6851606244145,69.41643066982019,97.2226205336031,2.730139549628469,73.191351511243,9.079999999999927
2020-01-24,1571.1,1556.3,1570.3,1556.3,1571.6,-0.5,-0.0003181471112242301,0.91812762973352,0.009250337251878887,14.0,1.0089956949174324,0.008908119114278443,1562.92,1558.573333333333,1526.0233333333329,1564.2275002529448,-0.5034002866475333,77.46170320077269,64.78206569252303,102.820978217272,2.266301366607993,69.38433145749543,6.74399999999996
2020-01-23,1571.6,1564.7,1573.7,1557.5,1556.7,14.899999999999864,0.009571529517569129,0.9184198223468907,0.009571529517569129,16.200000000000045,1.0104012841091492,0.010406629408363876,1558.8,1555.7066666666663,1522.406666666666,1560.7912503794169,-0.881651469974635,69.67780949284823,58.4422469383982,92.1489346017483,2.305709499726013,69.74930797509936,5.119999999999936
2020-01-22,1556.7,1557.0,1558.9,1555.2,1556.4,0.2999999999999545,0.00019275250578254595,0.9097124824684429,0.0,3.7000000000000455,1.0023791152263375,0.0023772809046517895,1555.28,1552.2333333333331,1518.8499999999995,1555.3868755691253,-2.0447215887480894,57.33172764409826,52.824465661173186,66.3462516099484,1.824538126502707,64.59598152997205,2.423999999999978
2020-01-21,1556.4,1564.2,1566.2,1551.0,1558.8,-2.3999999999998636,-0.0015396458814471796,0.9095371669004205,-0.00019271535941411608,15.200000000000045,1.0098001289490652,0.009751090582499388,1552.86,1549.693333333333,1515.5966666666661,1554.730313353688,-1.2298656953957305,51.93718878158365,50.57083466971065,54.66989700532966,1.8155421132928766,64.4828612124553,4.248000000000002
2020-01-17,1558.8,1554.1,1558.0,1553.6,1550.5,8.299999999999955,0.005353111899387265,0.9109396914446001,0.0013490075158989587,4.400000000000091,1.002832131822863,0.0028377942599162147,1551.7,1547.1399999999994,1513.1533333333327,1553.895470030532,-0.3079965995548477,44.348736192509655,49.88765761377415,33.27089334998067,1.945559009981994,66.05058677788591,3.760000000000036
2020-01-16,1550.5,1556.6,1558.2,1548.0,1554.0,-3.5,-0.0022522522522522522,0.9060892940626459,-0.003982784094559032,10.200000000000045,1.0065891472868218,0.006563706563706593,1551.44,1544.1799999999996,1510.5333333333326,1551.4432050457979,0.15321499698526964,40.35487998969919,52.657118324406404,15.750403320284775,1.7155866532203696,63.17554445135763,3.4480000000000475
2020-01-15,1554.0,1546.8,1558.8,1546.5,1544.6,9.400000000000091,0.006085717985238956,0.9081346423562411,-0.001734438234727337,12.299999999999955,1.0079534432589718,0.00796322672536576,1552.2000000000003,1540.7533333333329,1508.1233333333325,1551.9148075686967,2.0186835348397025,47.59654016803511,58.80823749176,25.173145520585322,1.8853624415462482,65.34230897300701,3.6800000000000184
2020-01-14,1544.6,1548.6,1549.5,1536.4,1550.6,-6.0,-0.0038694698826260802,0.9026414212248712,-0.007772852829703948,13.099999999999909,1.0085264254100494,0.008448342577066883,1553.4400000000003,1536.3999999999994,1505.2966666666657,1550.872211353045,3.5662072422517355,51.74020498889477,64.41408615362245,26.39244265943941,1.6385663811910747,62.100631345549466,4.6720000000000255
2020-01-13,1550.6,1563.0,1563.1,1547.0,1557.5,-6.900000000000091,-0.004430176565008084,0.9061477325853201,-0.003918545641421042,16.09999999999991,1.0104072398190045,0.010337078651685335,1559.3800000000006,1531.7399999999996,1502.899999999999,1554.0083170295675,7.111284927510006,60.124352427162506,70.7510267359863,38.87100380951492,1.9193192140669502,65.74543834804265,6.296000000000004
2020-01-10,1557.5,1551.2,1558.8,1545.4,1554.3,3.2000000000000455,0.0020588046065753364,0.9101799906498363,0.0005139076251043582,13.399999999999864,1.0086708942668563,0.00862124429003401,1563.0200000000007,1526.9133333333332,1499.6599999999992,1555.712475544351,10.423839806445656,66.32141839431064,76.0643638903982,46.83552740213554,2.3491336404540957,70.14153188988857,6.8239999999999785
2020-01-09,1554.3,1557.7,1562.4,1541.0,1560.2,-5.900000000000091,-0.0037815664658377712,0.9083099579242636,-0.001541722875313221,21.40000000000009,1.0138870863075926,0.013716190232021594,1561.3600000000006,1521.6599999999999,1496.6566666666658,1554.8187133165263,12.930951563336897,71.05835498164689,80.935836638442,51.30339166805666,2.2526952437968246,69.25626518785958,8.151999999999997
2020-01-08,1560.2,1556.7,1563.8,1556.5,1574.3,-14.099999999999909,-0.00895636155751757,0.9117578307620384,0.002248345859831695,7.2999999999999545,1.0046900096370062,0.004636981515594204,1556.1200000000008,1516.7466666666664,1493.6399999999992,1555.0780699747893,16.03796186423274,79.81088272627753,85.87457746683958,67.68349324515341,2.6981866375196493,72.95972058698763,13.975999999999976
2020-01-07,1574.3,1567.4,1579.2,1557.0,1568.8,5.5,0.003505864354920959,0.9199976624590931,0.011305967752296467,22.200000000000045,1.014258188824663,0.014150943396226445,1547.9800000000007,1511.4333333333332,1490.5933333333328,1552.517104962184,18.036154713581656,87.00236012545241,88.90642483712067,83.1942307021159,4.808343835953701,82.78338837639069,19.344000000000005
2020-01-06,1568.8,1562.7,1590.9,1562.3,1549.2,19.59999999999991,0.01265169119545566,0.916783543712015,0.007772852829703802,28.600000000000136,1.0183063432119313,0.018461141234185473,1536.8400000000008,1504.853333333333,1487.1333333333325,1541.625657443276,16.486659815523062,88.62487091224915,89.85845719295479,86.15769835083788,4.525073096628489,81.90069194541118,17.72800000000002
2020-01-03,1549.2,1530.1,1552.7,1530.1,1528.1,21.100000000000136,0.013807996858844407,0.9053295932678822,-0.004817883985353632,22.600000000000136,1.0147702764525195,0.014789608009947082,1526.7000000000012,1498.4199999999996,1483.8399999999992,1528.0384861649138,13.46344323816962,93.01023253063461,90.47525033330763,98.08019692528859,3.5877044683159762,78.2026064035665,9.559999999999992
2020-01-02,1528.1,1521.0,1534.0,1519.7,1519.5,8.599999999999909,0.005659756498848246,0.8929990649836371,-0.01837219759748194,14.299999999999955,1.009409751924722,0.009410990457387268,1519.740000000001,1493.473333333333,1481.3099999999993,1517.4577292473703,11.273045767376587,91.77633070809655,89.2077592346441,96.91347365500144,2.650677446646423,72.60782376381628,3.344000000000142
2019-12-31,1519.5,1513.8,1523.4,1513.8,1518.6,0.900000000000091,0.0005926511260371994,0.8879733520336606,-0.023896704567354047,9.600000000000136,1.006341656757828,0.006321612011062911,1513.940000000001,1489.1066666666663,1479.436666666666,1512.1365938710553,10.94898272592852,92.52446311321577,87.92347349791781,101.72644234381167,2.2960409502934973,69.66057111908896,5.935999999999967
2019-12-30,1518.6,1515.9,1519.1,1513.5,1518.1,0.5,0.00032935906725512155,0.8874474053295932,-0.02447485064559654,5.599999999999909,1.0037000330360093,0.0036888215532573016,1507.780000000001,1485.4666666666665,1477.6966666666663,1508.4548908065829,11.125213235737844,92.678910238686,85.62297869026861,106.79077333552078,2.2615787658472373,69.3400015210046,11.103999999999951
2019-12-27,1518.1,1516.5,1519.9,1512.1,1514.4,3.699999999999818,0.002443211833069082,0.8871552127162224,-0.024796042911286783,7.800000000000182,1.005158388995437,0.005150554675118979,1499.0000000000014,1481.4999999999998,1476.1899999999996,1503.3823362098733,10.556714569598643,90.41321514343657,82.09501291605943,107.04961959819087,2.243800654823375,69.17196503696834,13.839999999999964
2019-12-26,1514.4,1503.9,1517.4,1502.1,1499.1,15.300000000000182,0.010206123674204644,0.884992987377279,-0.027172865677394457,15.300000000000182,1.0101857399640504,0.010206123674204644,1491.0200000000013,1479.1666666666665,1474.3633333333332,1496.0235043148082,8.806582291131258,87.55115318725747,77.93591180236999,106.78163595703245,2.121639634787983,67.96555281859372,12.58399999999997
2019-12-24,1499.1,1488.7,1498.6,1488.7,1488.7,10.399999999999864,0.0069859609054879175,0.8760518934081345,-0.037001349007515984,9.899999999999864,1.0066500974004164,0.006650097400416379,1483.8800000000015,1476.8866666666663,1472.2866666666664,1486.8352564722097,6.007606411083345,84.08916072011164,73.12829110992475,106.01089994048542,1.6525696177022517,62.30070670619251,8.01599999999994
2019-12-23,1488.7,1482.4,1490.1,1481.2,1474.7,14.0,0.009493456296195836,0.8699742870500233,-0.04368214813387294,8.899999999999864,1.0060086416419118,0.006035125788295832,1480.1800000000014,1475.493333333333,1470.8866666666663,1480.702884708312,4.163550157722718,75.4295157280507,67.64785630482872,90.99283457449465,1.3564992801206022,57.56417120785959,3.575999999999931
2019-12-20,1474.7,1476.7,1478.1,1475.3,1478.2,-3.5,-0.0023677445541875255,0.8617928938756427,-0.052675531573199715,2.7999999999999545,1.0018979190673083,0.0018941956433499894,1478.5400000000013,1474.1933333333332,1469.9733333333331,1476.7043270624652,3.021282582352259,65.73686618466152,63.757026593214974,69.69654536755462,0.9864113581435358,49.657960024222675,1.67199999999998
2019-12-19,1478.2,1475.9,1478.9,1473.3,1478.7,-0.5,-0.00033813484817745316,0.8638382421692378,-0.050427185713368024,5.600000000000136,1.0038009909726466,0.0037871102995875676,1478.7200000000014,1474.06,1469.6233333333332,1477.7064905936988,3.8424531410148677,69.67967944228577,62.76710679749066,83.50482473187601,1.079122279300133,51.902780805339816,1.4639999999999418
2019-12-18,1478.7,1480.4,1483.6,1474.3,1480.6,-1.8999999999998636,-0.0012832635418072833,0.8641304347826084,-0.05010599344767778,9.299999999999955,1.0063080784100928,0.006281237336215018,1477.5400000000013,1472.4066666666665,1470.12,1477.4597358905476,4.17487039436976,68.36249437003819,59.310820475087596,86.4658421599394,1.0927464320945952,52.21590228687588,2.8720000000000256
2019-12-17,1480.6,1480.6,1484.9,1478.4,1480.5,0.09999999999990905,6.75447483957508e-05,0.8652407667134172,-0.04888546283805494,6.5,1.004396645021645,0.004390408645727794,1476.800000000001,1471.6533333333332,1470.2866666666666,1476.8396038358196,4.324583442669935,64.15422844643307,54.78498352760148,82.89271828409622,1.1436969647200443,53.351615622099146,3.0
2019-12-16,1480.5,1480.0,1484.5,1477.4,1475.6,4.900000000000091,0.0033206831119545212,0.8651823281907431,-0.048949701291192936,7.099999999999909,1.0048057398131853,0.004811602060178849,1473.2000000000012,1470.5333333333333,1471.3033333333333,1474.9594057537229,3.900369219391857,55.504069942346135,50.100361068168915,66.31148769070059,1.1414182442855363,53.30197626416318,4.6
2019-12-13,1475.6,1463.1,1475.9,1463.1,1472.3,3.2999999999999545,0.0022413910208516977,0.8623188405797099,-0.05209738549495737,12.800000000000182,1.0087485476044018,0.008693880323303798,1470.080000000001,1469.7533333333333,1472.22,1472.1891086305693,3.01895834219766,48.082603336192385,47.39850663106579,49.45079674644556,1.0377364645153142,50.925940747796595,5.063999999999988
2019-12-12,1472.3,1469.5,1474.9,1468.2,1475.0,-2.7000000000000455,-0.001830508474576302,0.8603903693314631,-0.054217254448512935,6.7000000000000455,1.0045634109794306,0.004542372881355963,1466.780000000001,1469.4133333333334,1473.5266666666669,1470.4836629458403,2.4734666922355277,44.679110051580004,47.05645827849974,39.924413597740525,0.9728975672537633,49.31313127462662,5.496000000000049
2019-12-11,1475.0,1479.1,1479.9,1478.7,1462.6,12.400000000000091,0.008478052782715774,0.861968209443665,-0.0524828162137856,1.2000000000000455,1.0008115236356259,0.0008204567209080032,1468.940000000001,1469.26,1474.2233333333331,1469.5754944187495,2.1947016867820857,44.778917443301985,48.24513239197398,37.846487545957984,1.02330637681826,50.575947792318786,8.088000000000012
2019-12-10,1462.6,1460.7,1467.2,1460.7,1464.9,-2.300000000000182,-0.0015700730425286242,0.8547218326320708,-0.06044838440290366,6.5,1.0044499212706237,0.004437162946276196,1469.980000000001,1469.1466666666668,1474.7466666666664,1466.863241628075,1.1519780525851537,40.669953451944835,49.9782398663414,22.05338062315171,0.8023469362774199,44.5167864259582,9.336000000000013
2019-12-09,1464.9,1464.1,1469.8,1463.0,1459.1,5.800000000000182,0.003975053114933989,0.8560659186535764,-0.058970899980728436,6.7999999999999545,1.004647983595352,0.004660407100267257,1473.1000000000008,1469.7666666666669,1475.8533333333332,1468.9948624421704,2.0604925889776133,47.02076131265478,54.63238307366626,31.797517790631815,0.8340898558301892,45.47704427778124,8.880000000000019
2019-12-06,1459.1,1475.0,1476.0,1458.2,1483.1,-24.0,-0.01618232081451015,0.8526764843384758,-0.06269673026273535,17.799999999999955,1.012206830338774,0.01200188793742833,1473.9600000000007,1469.9266666666667,1477.0066666666667,1471.042293663339,3.01686854741315,53.51267231225485,58.43819395432726,43.66162902811004,0.741449515036965,42.57657248371203,7.847999999999956
2019-12-05,1483.1,1480.0,1485.7,1478.0,1480.2,2.8999999999998636,0.001959194703418365,0.866701729780271,-0.047279501509603736,7.7000000000000455,1.0052097428958051,0.005201999729766278,1476.6800000000007,1470.8800000000003,1478.5266666666664,1477.0134404953737,5.626564667543844,70.9022538520323,60.900954775514165,90.90485200506859,1.151243969554215,53.51526771706781,4.584000000000015
2019-12-04,1480.2,1483.2,1489.9,1476.7,1478.2,2.0,0.0013529968881071572,0.8650070126227208,-0.04914241665060705,13.200000000000045,1.008938850138823,0.008929779461507269,1470.7400000000005,1469.5600000000004,1478.9466666666665,1473.9701607427814,4.598399255776782,65.32435703083482,55.90030523679609,84.17246061891227,1.0892304237019081,52.135485456501264,7.551999999999998
2019-12-03,1478.2,1461.6,1480.4,1459.5,1469.2,9.0,0.006125782738905527,0.8638382421692379,-0.050427185713368024,20.90000000000009,1.014319972593354,0.014225428804791785,1468.1800000000005,1467.686666666667,1479.1899999999998,1470.8552411137432,3.3504615604395855,60.783369318714094,51.188279339127945,79.97354927788638,1.0495173155206259,51.20802383921424,6.224000000000023
2019-12-02,1469.2,1470.3,1471.7,1459.8,1472.7,-3.5,-0.0023765872207510016,0.8585787751285646,-0.05620864649579238,11.900000000000091,1.00815180161666,0.008080396550553468,1465.3000000000006,1466.28,1479.52,1467.1828616698563,1.6897088717644753,48.50404420354812,46.39073434834405,52.73066391395626,0.8835732563345545,46.90941822215047,5.360000000000037
2019-11-29,1472.7,1461.7,1472.9,1459.1,1453.4,19.299999999999955,0.013279207375808417,0.8606241234221598,-0.05396030063596068,13.800000000000182,1.0094578849976015,0.009494977294619638,1465.2200000000005,1465.7533333333333,1480.1533333333332,1466.174292504472,0.9468659833552309,44.74303698819609,45.33407942041466,43.56095212375895,0.9398958012846241,48.45083950706079,5.296000000000049
2019-11-27,1453.4,1461.1,1461.9,1452.0,1467.4,-14.0,-0.009540684203352868,0.8493454885460494,-0.066358322091604,9.900000000000091,1.0068181818181818,0.006746626686656734,1464.7800000000002,1465.1866666666667,1481.006666666667,1462.911438755192,-0.8086750135214142,33.401200428163726,45.62960063666127,8.94440001116864,0.613500206046038,38.02293942989017,4.944000000000005
2019-11-26,1467.4,1461.3,1470.0,1456.6,1463.8,3.6000000000001364,0.002459352370542517,0.85752688172043,-0.05736493865227722,13.400000000000091,1.0091995056982013,0.009154256045907973,1468.1000000000001,1467.833333333333,1482.3600000000001,1467.6671581361027,0.6132494944082385,47.82167035913741,51.743800745171846,39.97740958706852,0.7863894683156261,44.021165723570185,2.0
2019-11-25,1463.8,1467.5,1468.9,1460.7,1468.8,-5.0,-0.0034041394335511985,0.8554230949041607,-0.05967752296524705,8.200000000000045,1.0056137468337099,0.005582788671023996,1469.2800000000002,1468.9199999999996,1482.8966666666668,1467.8007372042935,0.2017196442939273,51.04285036965999,53.70486594023946,45.71881922850105,0.7191006208133779,41.83004834662567,2.3839999999999693
2019-11-22,1468.8,1470.9,1480.3,1468.1,1470.5,-1.7000000000000455,-0.0011560693641618806,0.858345021037868,-0.05646560030834463,12.200000000000045,1.0083100606225734,0.008296497789867423,1470.9,1472.073333333333,1484.0233333333333,1469.8011058095774,0.48564556310658347,62.771172124607965,55.035873727616654,78.24176891859058,0.7874352362812673,44.05391704817875,1.3600000000000363
2019-11-21,1470.5,1481.3,1482.7,1469.4,1470.0,0.5,0.0003401360544217687,0.8593384759233286,-0.05537354660499778,13.299999999999955,1.0090513134612766,0.009047619047619016,1470.6000000000004,1474.6866666666663,1484.6866666666663,1470.3016587155435,0.10485381693287188,63.67923009916056,51.168224520022385,88.7012412574369,0.8117902949371341,44.805974356171376,1.6
2019-11-20,1470.0,1472.6,1474.5,1467.3,1473.3,-3.2999999999999545,-0.0022398696803094783,0.8590462833099578,-0.05569473887068802,7.2000000000000455,1.0049069719893682,0.004886988393402597,1471.1800000000005,1477.6399999999996,1485.6999999999998,1470.2024880729655,-0.6308507284702642,62.653676605796086,44.91272170837926,98.13558640062975,0.8033431346587547,44.54743632640777,2.0240000000000236
2019-11-19,1473.3,1467.7,1474.3,1467.7,1471.9,1.3999999999998636,0.0009511515727969723,0.8609747545582046,-0.05357486991713245,6.599999999999909,1.004496831777611,0.00448400027175753,1469.8400000000006,1479.1866666666663,1487.1266666666666,1470.3037321099841,-1.4228895731476037,53.66361345265801,36.04224421271845,88.90635193253713,0.8472019539045541,45.86406765723514,3.632000000000062
2019-11-18,1471.9,1467.8,1474.4,1456.6,1467.3,4.600000000000136,0.0031350098820964603,0.8601566152407666,-0.05447420826106504,17.800000000000182,1.012220238912536,0.012131125195938243,1465.6000000000008,1480.3466666666666,1487.923333333333,1468.8055981530813,-3.014676167307039,34.368659462411365,27.2315595227948,48.6428593416445,0.8256946851831685,45.226329017895345,6.320000000000073
2019-11-15,1467.3,1469.1,1469.1,1469.1,1473.4,-6.100000000000136,-0.004140084159087916,0.8574684431977557,-0.057429177105415355,0.0,1.0,0.0,1462.6400000000008,1481.9399999999996,1489.0066666666664,1467.2583972111956,-4.797375935985743,26.143153030081557,23.66300951048689,31.103440069270896,0.7600755693903609,43.18425768807353,6.432000000000062
2019-11-14,1473.4,1464.0,1475.5,1461.7,1463.3,10.100000000000136,0.0069022073395750266,0.8610331930808787,-0.05351063146399432,13.799999999999955,1.0094410617773826,0.009430738741201363,1461.4400000000007,1484.0866666666664,1490.3033333333328,1467.2375958164216,-6.094896565783866,23.62830974711015,22.422937728536617,26.03905378425722,0.8268891902871658,45.26214259099034,5.528000000000065
2019-11-13,1463.3,1463.5,1467.9,1462.8,1452.1,11.200000000000045,0.007712967426485811,0.8551309022907897,-0.0599987152309373,5.100000000000136,1.0034864643150123,0.0035121548102748684,1459.6000000000008,1486.173333333333,1491.6499999999994,1464.156393642067,-8.70617012018894,16.656750148138364,21.820251703100052,6.32974703821499,0.691739488910791,40.8892440854567,4.0
2019-11-12,1452.1,1454.9,1454.9,1447.1,1457.1,-5.0,-0.003431473474710041,0.8485857877512852,-0.06719342198239875,7.800000000000182,1.0053900905258795,0.005353098620547788,1465.5600000000009,1488.333333333333,1492.906666666666,1464.5845904803118,-9.918333494542043,13.413696520425878,24.4020025843532,-8.562915607428764,0.5525754399687824,35.590891478992674,11.016000000000123
2019-11-11,1457.1,1460.0,1467.4,1448.9,1461.3,-4.2000000000000455,-0.002874153151303665,0.8515077138849926,-0.06398149932549632,18.5,1.0127683069915108,0.012659960309313625,1471.8800000000006,1490.6933333333332,1494.136666666666,1470.826886096827,-8.604558036212829,16.54911639825041,29.89615594756935,-10.144962700387474,0.5864046420064103,36.964380113307854,13.215999999999985
2019-11-08,1461.3,1469.1,1469.1,1461.7,1464.2,-2.900000000000091,-0.001980603742658169,0.8539621318373067,-0.061283484293698266,7.399999999999864,1.0050625983443935,0.005053954377817145,1482.6800000000007,1492.7599999999998,1494.663333333333,1477.6903297659546,-6.70561714587101,18.811944596742173,36.56967632576683,-16.70351886130714,0.6158110697238282,38.11157636326143,15.944000000000006
2019-11-07,1464.2,1466.8,1473.0,1466.5,1493.1,-28.899999999999864,-0.019355702900006606,0.8556568489948569,-0.0594205691526948,6.5,1.0044323218547562,0.0043533587837385306,1492.0200000000007,1494.5533333333333,1496.1666666666663,1485.8854957606602,-3.9002721290518014,28.57892905039406,45.44854339475599,-5.160299638329803,0.6362684142275739,38.88533254661243,14.45599999999995
2019-11-06,1493.1,1491.5,1495.9,1490.5,1483.7,9.399999999999864,0.006335512569926443,0.8725455820476853,-0.040855656195798895,5.400000000000091,1.0036229453203624,0.0036395497742131772,1502.1400000000008,1496.8266666666666,1497.866666666666,1496.7282458473262,0.3569138258009028,45.1411242184747,53.883352283293064,27.65666808883796,0.9186787617087071,47.88080110349293,10.992000000000008
2019-11-05,1483.7,1511.6,1511.9,1480.7,1511.1,-27.399999999999864,-0.018132486268281296,0.8670523609163155,-0.04689407079077536,31.200000000000045,1.0210711150131695,0.020647210641254746,1502.1600000000008,1496.8866666666665,1498.5066666666664,1498.5423693247092,1.2656621896409326,50.678720984970994,58.2544676498861,35.52722765514078,0.7846229742140998,43.96575554338735,10.967999999999938
2019-11-04,1511.1,1516.4,1517.1,1506.5,1508.0,3.099999999999909,0.002055702917771823,0.8830645161290316,-0.029292734630950175,10.599999999999909,1.0070361765682043,0.007029177718832831,1503.5600000000009,1496.8733333333332,1500.1199999999997,1505.963557384788,4.556696765847661,71.89721207127236,62.042342716588124,91.60695078064086,1.2314515245455593,55.18612037948471,9.287999999999965
2019-11-01,1508.0,1511.0,1511.6,1503.0,1514.8,-6.7999999999999545,-0.004489041457618138,0.881252921926133,-0.031284126678229614,8.599999999999909,1.0057218895542248,0.005677317137575858,1500.5000000000007,1495.9733333333331,1500.7999999999997,1503.3953343134256,3.8840947697372,66.15606347158803,57.114904655271296,84.23838110422149,1.1716232687158208,53.95149727828504,8.719999999999981
2019-10-31,1514.8,1498.8,1516.7,1496.0,1493.2,21.59999999999991,0.014465577283685981,0.885226741467975,-0.02691591186484235,20.700000000000045,1.013836898395722,0.013862844896865822,1498.8000000000006,1494.6866666666667,1500.7766666666664,1501.0929990984057,3.1714236702523477,61.418964277076,52.594320590268374,79.06825165069127,1.3342133974197596,57.159015490811576,6.679999999999973
2019-10-30,1493.2,1487.2,1495.4,1481.0,1490.7,2.5,0.0016770644663580867,0.8726040205703594,-0.040791417742660756,14.400000000000091,1.009723160027009,0.009659891326222641,1496.7800000000004,1493.76,1500.4899999999996,1494.2394880574718,0.45255333786746554,44.7894851452913,48.18199192887542,38.00447157812306,0.9248902153851991,48.048985235249624,4.255999999999995
2019-10-29,1490.7,1494.0,1494.0,1489.7,1495.8,-5.099999999999909,-0.003409546730846309,0.8711430575035056,-0.04239737907111197,4.2999999999999545,1.0028864872121903,0.0028747158711057326,1497.2800000000002,1495.0666666666666,1501.243333333333,1494.759233290884,0.5550849250468195,46.71443352190263,49.878249252286665,40.386802061134546,0.880898801972093,46.83392860096909,3.8559999999999945
2019-10-28,1495.8,1507.4,1510.8,1492.3,1499.5,-3.7000000000000455,-0.002467489163054382,0.8741234221598871,-0.039121217961071555,18.5,1.0123969711184078,0.012337445815271757,1496.64,1495.5,1502.0,1496.7888569927795,1.2626507632859862,57.57168803059666,51.46016261736439,69.79473885706122,0.960979434225123,49.00507457921669,4.3679999999999835
2019-10-25,1499.5,1501.4,1503.7,1499.0,1504.7,-5.2000000000000455,-0.0034558383730976575,0.8762856474988306,-0.03674439519496373,4.7000000000000455,1.003135423615744,0.0031235462218382705,1495.1000000000001,1496.0733333333335,1502.243333333333,1497.2832880676744,1.3307251407913814,61.191988012196184,48.40438397457218,86.76719608744419,1.0236709418580345,50.58485155289873,5.840000000000055
2019-10-24,1504.7,1495.1,1506.9,1490.4,1495.7,9.0,0.0060172494484188,0.8793244506778863,-0.033403995631785185,16.5,1.0110708534621577,0.011031623988767801,1492.8400000000004,1496.5200000000002,,1496.1749234311715,0.6625088335103753,55.856381344389256,42.010531938941014,83.54808015528573,1.118931963985133,52.806412995003726,5.888000000000011
2019-10-23,1495.7,1491.1,1499.4,1490.7,1487.5,8.200000000000045,0.005512605042016837,0.8740649836372131,-0.03918545641420954,8.700000000000045,1.0058361843429262,0.00584873949579835,1491.5600000000002,1497.1266666666668,,1491.9123351297003,-1.4251541564692936,37.96687160742657,35.0875260019154,43.72556281844891,0.9693740689472908,49.22244505156199,4.3519999999999985
2019-10-22,1487.5,1487.5,1492.1,1484.0,1488.1,-0.599999999999909,-0.0004031987097640677,0.869273024777933,-0.04445300957152955,8.099999999999909,1.0054582210242586,0.005443182581815678,1491.22,1497.48,,1490.0184693607218,-2.7088297807414223,27.450122306405383,33.64782785911083,15.05471120099449,0.8428433418755918,45.73602773080921,3.9440000000000053
2019-10-21,1488.1,1495.6,1498.7,1484.8,1488.2,-0.10000000000013642,-6.719526945312218e-05,0.8696236559139778,-0.044067578852701315,13.900000000000091,1.009361530172414,0.0093401424539713,1490.42,1497.5800000000002,,1491.2777372875425,-2.770509616265721,30.45291510780123,36.74676245173324,17.865220419937202,0.8501521298852094,45.950390573447386,4.584000000000015
2019-10-18,1488.2,1487.3,1489.1,1486.6,1498.3,-10.099999999999909,-0.006740973102849836,0.8696820944366521,-0.044003340399563176,2.5,1.0016816897618728,0.001668557698725222,1492.3200000000002,1496.5666666666668,,1492.8666688563853,-2.679242329064646,34.2799756887137,39.893810753509044,23.052305559123,0.8512945936816039,45.983745460449086,5.175999999999931
2019-10-17,1498.3,1494.2,1501.1,1487.0,1494.0,4.2999999999999545,0.00287817938420345,0.8755843852267409,-0.03751525663262034,14.099999999999909,1.0094821788836583,0.009437751004016004,1492.42,1497.7800000000002,,1495.2001419003257,-2.2598445223227728,39.907882498812505,42.70089503567347,34.32185742509057,0.9740574750875114,49.34291363752368,5.055999999999949
2019-10-16,1494.0,1484.8,1495.5,1480.6,1483.5,10.5,0.007077856420626896,0.8730715287517525,-0.0402775101175564,14.900000000000091,1.0100634877752264,0.01004381530165156,1492.94,1498.906666666667,,1493.6500747320822,-3.398112629892,36.94959626813257,44.09752575058784,22.653737303222016,0.9170476647156647,47.83645610875725,5.47199999999998
2019-10-15,1483.5,1497.7,1503.0,1480.8,1497.6,-14.099999999999909,-0.009415064102564043,0.8669354838709672,-0.047022547697051484,22.200000000000045,1.0149918962722853,0.01482371794871798,1496.6999999999998,1500.126666666667,,1493.4750887099844,-4.002219275467652,37.36575928045337,47.671968241726574,16.753341357906947,0.7877812342213598,44.064744563921195,8.479999999999972
2019-10-14,1497.6,1492.0,1501.5,1487.1,1488.7,8.899999999999864,0.005978370390273301,0.8751753155680217,-0.03796492580458671,14.400000000000091,1.009683276175106,0.009672868946060382,1499.4399999999998,1503.366666666667,,1498.4636331971753,-2.4533816240708832,50.29809359441064,52.82610605366765,45.24206867589662,0.9391622912750648,48.43134045565283,5.927999999999974
2019-10-11,1488.7,1498.3,1508.0,1478.0,1500.9,-12.200000000000045,-0.008128456259577617,0.8699742870500228,-0.04368214813387294,30.0,1.020297699594046,0.01998800719568259,1500.7999999999997,1505.626666666667,,1498.8955796944538,-2.6231664270766295,52.72059618029931,54.09049252054383,49.980803499810264,0.8265328025020237,45.25146229894264,6.279999999999973
2019-10-10,1500.9,1510.8,1522.3,1495.7,1512.8,-11.899999999999864,-0.00786620835536744,0.8771037868162688,-0.035845056851030996,26.59999999999991,1.0177843150364376,0.017583289264939125,1504.2999999999997,1506.866666666667,,1503.995670156735,-0.8460200774424936,59.59386317405898,54.77574980542347,69.23008991133,0.964857760792661,49.105730707113324,4.2
2019-10-09,1512.8,1515.4,1516.5,1510.1,1497.2,15.599999999999909,0.010419449639326683,0.8840579710144921,-0.02820068092760332,6.400000000000091,1.0042381299251706,0.0042746460058776985,1506.8799999999999,1507.2200000000003,,1505.5445532705744,-0.41753368870965213,59.86795390591043,52.365061954520755,74.87373780868978,1.1372411743337414,53.21070864584398,5.135999999999922
2019-10-08,1497.2,1489.4,1506.3,1489.3,1504.4,-7.2000000000000455,-0.004785961180537121,0.8749415614773253,-0.03822187961713882,17.0,1.0114147586114282,0.011300186120712576,1504.52,1507.4200000000003,,1501.9131441736922,-2.1185955358456194,50.48319518509396,48.609804545669434,54.22997646394302,0.9197582642581169,47.91010833926812,4.383999999999969
2019-10-07,1504.4,1497.2,1499.7,1493.3,1506.2,-1.7999999999999545,-0.0011950604169432709,0.8791491351098639,-0.033596710991199305,6.400000000000091,1.004285809951115,0.0042491037046873525,1502.8799999999999,1508.5000000000002,,1504.273309467852,-1.4765024727700893,49.24264095179782,47.6716809902193,52.38456087495484,1.0142978884575349,50.35490997978665,6.304000000000042
2019-10-04,1506.2,1505.6,1508.7,1497.1,1513.8,-7.599999999999909,-0.00502047826661376,0.8802010285179985,-0.032440418834714456,11.600000000000136,1.0077483134059182,0.007662835249042236,1496.58,1508.4133333333334,,1504.20981921173,-1.8003276610819854,48.54102240979201,46.88440313585459,51.85426095766685,1.0390920554854999,50.95856524427957,12.503999999999996
2019-10-03,1513.8,1505.6,1525.8,1501.7,1501.0,12.799999999999955,0.008527648234510295,0.8846423562412337,-0.027558296396222835,24.09999999999991,1.0160484783911565,0.016055962691538913,1496.62,,,1503.211308431508,-2.543880689167068,46.32579628527364,46.05324638190547,46.870896092009986,,,12.535999999999968
2019-10-02,1501.0,1476.6,1503.7,1474.1,1489.0,12.0,0.008059100067159167,0.8771622253389428,-0.03578081839789301,29.600000000000136,1.0200800488433621,0.019879113498992705,1496.8999999999999,,,1497.8896185750104,-5.082539890763218,38.0838776791951,45.916267601594235,22.419097834396823,,,12.759999999999991
2019-10-01,1489.0,1478.0,1493.5,1465.0,1472.9,16.09999999999991,0.010930816756059412,0.8701496026180452,-0.04348943277445882,28.5,1.0194539249146757,0.01934958245637857,1499.1599999999999,,,1496.3223483677668,-6.127953829380112,33.95776837754219,49.86288047623012,2.147544180166335,,,14.56800000000003
2019-09-30,1472.9,1501.7,1507.2,1470.5,1506.4,-33.5,-0.022238449283058948,0.8607410004675077,-0.05383182372968456,36.700000000000045,1.024957497449847,0.024362719065321326,1507.78,,,1500.026344525097,-4.88491925952519,35.53067241686004,57.90845153302161,-9.224885815463097,,,14.503999999999952
2019-09-27,1506.4,1511.8,1514.4,1493.3,1515.2,-8.799999999999955,-0.0058078141499471716,0.8803179055633469,-0.03231194192843833,21.100000000000136,1.0141297796825823,0.013925554382259857,1519.4999999999998,,,1513.8288737613098,0.7178936163522005,51.92048196046075,69.29479775473831,17.171850371905634,,,9.839999999999964
2019-09-26,1515.2,1510.9,1519.5,1507.1,1512.3,2.900000000000091,0.0019176089400251876,0.8854604955586717,-0.0266589580522901,12.400000000000091,1.0082277221153209,0.008199431329762674,1519.6799999999998,,,1517.642512127693,2.689808733546906,63.104465515919735,78.21396362450946,32.885469298740276,,,9.695999999999959
2019-09-25,1512.3,1539.8,1542.8,1507.4,1532.1,-19.799999999999955,-0.012923438417857813,0.8837657784011214,-0.02852187319329356,35.399999999999864,1.0234841448852328,0.02310554141374575,1517.8799999999997,,,1518.913354480571,3.73629641182863,71.47065806764091,86.07545586007306,42.26106248277662,,,11.136000000000013
2019-09-24,1532.1,1515.1,1533.0,1515.1,1531.5,0.599999999999909,0.00039177277179230105,0.8953366058906025,-0.015802659471960002,17.90000000000009,1.0118144016896575,0.011687887691805478,1518.58,,,1522.4255949490046,5.6111088294198055,87.40948266059317,93.83181641666583,74.56481514844782,,,10.575999999999976
2019-09-23,1531.5,1521.5,1534.4,1517.9,1507.3,24.200000000000045,0.016055198036223742,0.8949859747545577,-0.016188090190788235,16.5,1.0108702813097041,0.010946725933788894,1514.8399999999997,,,1517.1228571428574,4.041714302208739,83.39320819806375,97.3520279265733,55.47556874104464,,,7.0479999999999565
2019-09-20,1507.3,1503.0,1503.0,1503.0,1506.2,1.099999999999909,0.000730314699243068,0.8808438522674141,-0.031733795850195985,0.0,1.0,0.0,1509.16,,,1508.844075829384,1.283088451081165,77.65182290063844,105.38992649062027,22.175615720674784,,,4.352000000000044
2019-09-19,1506.2,1502.0,1512.1,1496.3,1515.8,-9.599999999999909,-0.006333289352157217,0.8802010285179985,-0.032440418834714456,15.799999999999955,1.0105593798035153,0.010423538725425488,,,,1509.8061538461538,1.678334838172348,90.12142024642098,122.67289872745509,25.018463284352748,,,
2019-09-18,1515.8,1509.7,1519.5,1490.7,1513.4,2.3999999999998636,0.001585833223205936,0.8858111266947165,-0.026273527333461867,28.799999999999955,1.0193197826524452,0.01902999867847228,,,,1512.3684210526314,2.373049829141164,115.9149293688779,145.8015808060846,56.14162649446456,,,
2019-09-17,1513.4,1506.5,1515.0,1500.9,1503.1,10.300000000000182,0.006852504823365167,0.8844086021505371,-0.02781525020877494,14.099999999999909,1.0093943633819709,0.00938061339897539,,,,1509.28,1.3146438746436615,141.8008658008682,172.6995670995706,80.00346320346335,,,
2019-09-16,1503.1,1500.0,1500.6,1498.5,,,,0.8783894343150999,-0.03443181088199405,2.099999999999909,1.0014014014014014,,,,,1503.1,0.0,219.0476190476242,219.0476190476242,219.04761904762415,,,
